Configuration,Min RT Factor,Avg RT Factor,Max RT Factor,Total #packets per agent,#packets per agent per second,Total packet length per agent,Avg packet length per agent per second,Min %CPU,Avg %CPU,Max %CPU,Min %MEM,Avg %MEM,Max %MEM,Min #threads,Avg #threads,Max #threads
test_lineform_6_drones.py,0.77,0.9722320117474398,0.99,7982.0,61.86415562457908,7033304.0,54511.327137431035,0.0,32.523605558930896,58.02500000000001,4.980929477501752,5.094054025354916,5.165614244735113,750.0,790.8291526314465,792.0
test_lineform_8_drones.py,0.69,0.9200997150997187,0.98,11454.0,86.08324011444034,11867978.0,89194.5171858648,0.0,39.84315544984497,68.12812500000001,6.405631753874339,6.557804174189279,6.645306238362651,930.0,989.1798087976181,992.0
test_lineform_10_drones.py,0.6,0.8346324549237197,0.87,15711.0,114.79584319464139,19259232.0,140721.7730711743,0.0,37.969423128114805,59.728125,7.3634933463180055,7.50668298716711,7.5730593924614,1045.0,1115.8541695749311,1118.0
test_lineform_12_drones.py,0.44,0.7517702702702642,0.81,20744.583333333332,147.69829590111763,28736268.083333332,204597.8826504594,0.0,40.87227173657701,65.99062500000001,8.831488802010082,9.011124102732095,9.083646973148761,1228.0,1312.5955293189886,1315.0
test_shapeform_9_drones.py,0.67,0.8563085399449065,0.89,15526.0,114.93520126236808,18177693.0,134565.03951053327,0.0,36.154045242219446,57.56875,6.776956860929637,6.8924456030629395,6.944742529189996,972.0,1034.7128563020547,1037.0
test_shapeform_16_drones.py,0.32,0.6274088050314451,0.7,32940.0,224.1478515626054,56335963.0,383351.0950868376,0.0,45.28563255690492,77.50000000000003,10.978633709077956,11.19397958985282,11.282276325850539,1494.0,1601.2951628929306,1606.0
test_taskapp_1_car_1_drone.py,0.99,0.9995744680851064,1.0,796.5,14.171794631657008,448170.0,7974.1032015941255,0.0,15.417044046587758,39.31875,2.8157908427792204,2.856733173566182,2.8765242858132063,522.0,538.2238268093832,541.0
test_taskapp_2_cars_2_drones.py,0.89,0.9550246305418688,0.98,711.75,23.102787479146407,454850.0,14764.036367951869,0.0,22.054572468496023,49.115624999999994,4.205268214160043,4.259789222669885,4.292912303884665,736.0,763.2892364728298,769.0
