Configuration,Max RT Factor,Min RT Factor,Mean RT Factor,N.O. Packets/s,Mean CPU Percent,Mean N.O. Threads,Mean Memory Percent
test_lineform_6_drones,0.99,0.82,0.9710543130990497,65.02238431165465,42.458688077564,44,0.19943901712983905
test_lineform_8_drones,0.95,0.71,0.9137037037036999,93.50089815621506,45.70970229555252,46,0.20253792316434074
test_shapeform_9_drones,0.88,0.63,0.8541209563994426,101.42128157478156,46.116892795719366,47,0.20647574614804484
test_shapeform_16_drones,0.68,0.31,0.6185384615384592,42.64204215346612,46.7468103957472,55,0.21439373951963092