Configuration,Max RT Factor,Min RT Factor,Mean RT Factor,N.O. Packets/s,Mean CPU Percent,Mean N.O. Threads,Mean Memory Percent
test_lineform_6_drones,0.99,0.77,0.9722320117474398,61.86415562457908,17.95434835685314,13,0.08761482815388949
test_lineform_8_drones,0.98,0.69,0.9200997150997187,86.08324011444034,16.649230446341,12,0.08311923570074929
test_lineform_10_drones,0.93,0.61,0.8547156726768377,24.06731931736857,14.99530703184407,11,0.08033818739545932
test_lineform_12_drones,0.85,0.45,0.7770580296896061,28.913521010827083,13.279490019855784,11,0.07834498681072821
test_shapeform_9_drones,0.94,0.66,0.8740084388185615,106.27083143514626,15.633560923193983,12,0.08156206288244072
test_shapeform_16_drones,0.73,0.32,0.6539358974358953,36.04656009479923,10.823556802350854,10,0.07597865502403947